game_id,game_name,game_type,game_name_sci_en,game_name_short,prep_fun_str
c26c3b9c-5582-4155-9f76-b31e47c07f2a,吹气球,1,BART,BART,bart
0972552f-ca53-4176-a772-23014be41d2e,图片记忆,1,Behavioral Pattern Separation,BPS,bps
f4e7115d-ba8a-474f-945d-fc88946000e8,图片记忆A,1,Behavioral Pattern Separation A,BPSA,bps
f1156275-3f17-40c2-bda6-22767878ddf2,图片记忆B,1,Behavioral Pattern Separation B,BPSB,bps
bcbdfb36-58a3-4df9-b31e-5f54295a1468,图片记忆C,1,Behavioral Pattern Separation C,BPSC,bps
b4dcbdfe-f835-438b-9448-bc570f384851,图片记忆D,1,Behavioral Pattern Separation D,BPSD,bps
2dfe4cb6-2fcc-4b44-a7f0-e42f74810872,察颜观色,1,Faces Reading,Faces,complexswitch
ebcab989-3390-446c-ac8f-f61132765f3e,候鸟迁徙,1,Birds Migration,Birds,complexswitch
1c188618-612a-468c-b0a0-76a4afcdbaa0,多彩文字,1,Color Stroop Paradigm,ColStrp,congeff
6ea55de0-0d70-4ae1-8ccf-00705d103b69,太空飞船,1,Flanker Test,Flkr,congeff
576196f9-1e6f-4db7-b0eb-025ca6c1404b,太空飞船2,1,Flanker Test,Flkr2,congeff
c89ae889-110f-4c57-b201-802374d2f624,词语判断,1,Lexic,Lexic,countcorrect
91e46642-f92f-437b-a4f2-fb14ebd4d310,词语判断（语言）,1,Lexic Lang,LexicLang,countcorrect
cd0b8686-e775-416e-8a58-31a44f37f239,符号判断,1,Symbol,Symbol,countcorrect
393fd0e8-baf9-4546-b0b1-c95065e46277,符号判断（语言）,1,Symbol Lang,SymbolLang,countcorrect
d5d29d3b-2a4c-4e1a-ab8e-b8fcc0fae48b,火眼金睛,1,Attention Search,AttSrc,countcorrect
b3886679-7004-4581-8cb4-bdd0b5ddc055,九五之集,1,Number Sets Test,NumSets,countcorrect
32b4ed17-52d5-464e-9009-1752f2b6731d,连点成画,1,Five Point Test,FPT,countcorrect
082ea578-9bea-4618-94ac-946b7c1daff6,拼音判断,1,Pinyin,Pinyin,countcorrect
aabe5da5-97c7-4904-8726-d172ead53672,拼音判断（语言）,1,Pinyin Lang,PinyinLang,countcorrect
44853d2f-87bb-4b66-8678-f95cd1bacd8e,人工语言,1,Associative Memory Language,AscLan,countcorrect
4b245057-1fc7-4b88-83e1-9cc8b0448c7a,人工语言-初级,1,Associative Memory Language Junior,AscLanJr,countcorrect
33cb1542-8736-444d-80b5-4bed6cdac1a5,人工语言-中级,1,Associative Memory Language Medium,AscLanMd,countcorrect
eecc6df6-a95d-4036-aca0-b1aa65b120db,声调判断,1,Tone,Tone,countcorrect
e7525c9b-3d5f-4e73-8d25-0ac45a904b53,声调判断（语言）,1,Tone Lang,ToneLang,countcorrect
8ad1567a-3dde-4680-957c-9420e5231421,速算师,1,Calculation,Calc,countcorrect
761ae897-4196-496e-b1bf-58c214acaebd,速算师（初级）,1,Calculation Junior,CalcJr,countcorrect
933d51d5-49de-454a-bb7b-a9481f7244f0,速算师（中级）,1,Calculation Medium,CalcMed,countcorrect
37726800-bf75-474b-8354-1a27457b4cf6,速算师（中级）（数学）,1,Calculation Medium Math,CalcMedMath,countcorrect
28ddff7c-396a-4bce-8b16-c3258cd637dc,专注大师,1,Calculation Speeded,CalcSpd,countcorrect
605d5346-5b07-4a9a-b28d-db522de05b02,语义判断,1,Semanteme,Seman,countcorrect
6b285fdf-7440-4952-b504-9830dde687f7,语义判断（语言）,1,Semanteme Lang,SemanLang,countcorrect
db0b4727-86f8-40c7-95dd-863197b95c03,字形判断,1,Orthography,Ortho,countcorrect
3923c44b-402f-465b-b585-5c06ef067d28,字形判断（语言）,1,Orthography Lang,OrthoLang,countcorrect
4b72d72d-b6f3-430f-b744-4209fe9508a2,阻挡陨石,1,Earth Protect,EP,countcorrect
ef44f5a5-5134-47da-9c6e-9f2f714f6cfc,捉虫,1,Continuous Performance Test,CPT,cpt
07b9b48e-2350-4c5f-9b6a-5e2c2c1b97c5,快速归类,1,Choice Reaction Time,CRT,crt
11dfc2d5-3c9a-4178-b73c-5f12668826c8,快速归类（思维）,1,Choice Reaction Time Thought,CRTThought,crt
6c84a085-e118-4089-9143-a65a24c74aa4,模拟驾驶,1,Driving,Driving,driving
76621a53-d00c-4efd-83f2-d7d499b7c8b0,言语记忆,1,DRM Paradigm,DRM,drm
3b68c304-efbe-431c-8f87-38611b593b80,一心二用,1,Dual Task Paradigm,DualTask,dualtask
1813dfbd-f61e-47f5-aec6-721cde20f838,方向临摹,1,Judgment of Line Orientation,JLO,jlo
8952c324-3faa-49bf-a763-9f5b20996e40,宇宙黑洞,1,Location Memory,LocMem,locmem
de124965-f280-4177-a747-20fe4aba79fa,宇宙黑洞A,1,Location Memory A,LocMemA,locmem
9ca38d8d-a402-49fd-bb5f-aa0f1d499c5e,宇宙黑洞B,1,Location Memory B,LocMemB,locmem
c3eca975-dbf2-4553-8e86-3bdaacf117d4,宇宙黑洞B（初级）,1,Location Memory Junior,LocMemJr,locmem
a97148ee-4645-441b-b3e2-bb7364e3f464,宇宙黑洞B（中级）,1,Location Memory Medium,LocMemMed,locmem
e4399b39-92a0-4f44-871c-6108a1b17a63,各得其所,1,London Tower Test,LdnTwr,london
87c63149-07ba-4d34-bcad-7e5fff3b5dc8,视听反应,1,Multisense,MltSns,multisense
1757b97c-597e-4d4c-b7f4-dd749df394fd,魔术师,1,Adaptive N Back Test,Nback,nback
208fae84-7ae1-4e41-b15f-af731b825914,魔术师初级,1,One Back Test,Nback1,nback
cab61a44-0891-4d0f-bdc3-aee60f3a5f00,魔术师高级,1,Three Back Test,Nback3,nback
83d5c767-12ae-464b-9892-c3883c3b1a78,魔术师中级,1,Two Back Test,Nback2,nback
bc9f51d0-1d24-4826-a024-67b431741f51,魔术师终极,1,Four Back Test,Nback4,nback
5c9e7f8b-41a1-4b31-9d94-63be74e5d806,登陆月球（中级）,1,Number Line Estimation Medium,NLEMed,nle
6d16b4e2-cb8a-4fe7-be67-17aca93ababf,数感,1,Nonsymbolic Numeric Comparison,NsymNCmp,nsymncmp
98b2cb06-900e-49c1-b9bf-499e6c705838,舒尔特方格（初级）,1,Schulte Grid Junior,SchulteJr,schulte
8cd79a3c-bcfa-45f1-aa15-65c52bd4f4ea,舒尔特方格（高级）,1,Schulte Grid Advanced,SchulteAdv,schulte
e88ce3d8-88eb-41c6-ba2d-0650e6897d0f,舒尔特方格（中级）,1,Schulte Grid Medium,SchulteMed,schulte
7034b6f2-0f09-46ea-8b95-634689a8e998,倒背数,1,Backward Digit Span,BDS,span
697d1de9-d140-4e21-9269-6de08443f784,方块速记,1,Spatial Short-term Memory Simple,SSTMS,span
7cb86e74-810d-45a3-ba3c-8b8a9dc6dc1c,过目不忘,1,Forward Word Span,FWS,span
c175b435-27ed-4eac-9f98-00b4d2f22838,蝴蝶照相机,1,Symmetry Complex Span,SCSpan,span
7c7fe5b8-58dd-49dd-bf2a-30376b44f778,顺背数,1,Forward Digit Span,FDS,span
71d62d15-c149-4a3a-82f5-fa16d722463f,位置记忆,1,Spatial Short-term Memory,SSTM,span
393b69dc-c995-45ae-9a8d-c65b18eb659b,萤火虫,1,Multiple Object Tracking,MOT,span
5134b80a-945f-452e-b6cc-3c2b01295120,萤火虫高级版,1,Multiple Object Tracking 2,MOT2,span
ec40acb2-efba-40cd-adbc-fd604668b451,时空相机A,1,Spatiotemporal Memory A,SpatTempA,spattemp
b896281d-9460-450e-9675-47ab3ba1068c,时空相机B,1,Spatiotemporal Memory B,SpatTempB,spattemp
64234968-080d-4a6c-bbf8-13d4d213e9c0,时空相机B（初级）,1,Spatiotemporal Memory Junior,SpatTempJr,spattemp
8a509924-9e23-4bbe-879d-dac7a3ab7ef6,时空相机B（中级）,1,Spatiotemporal Memory Medium,SpatTempMed,spattemp
dd1fd353-127e-4cdf-b644-43a90490ad60,照相机,1,Spatiotemporal Memory,SpatTemp,spattemp
d4995118-c8ed-401d-9eb6-ee729fb98116,超级秒表,1,Simple Reaction Time Test,SRT,srt
b058c5e3-cff0-417d-93a9-dd82f901530d,变色魔块,1,Stop Signal,StopSig,stopsignal
24b1d4ad-ab3e-4361-8b9b-d1dcb5edf2b9,卡片分类,1,Card Sorting,CardSort,switchcost
ac6bffb9-1662-4931-812d-1e04ac6f7aa5,卡片分类2,1,Card Sorting,CardSort2,switchcost
9007f653-4750-4b6a-bf5d-e5084fb35417,数字大小比较,1,Symbolic Numeric Comparison,SymNCmp,symncmp
6bfc5052-76d1-4234-9f82-d1d2dd3ade11,塔罗牌,1,Weather Prediction Paradigm,WxPred,wxpred
885f599e-6cde-4588-a57e-24d2ea80e8ec,不倒翁,1,,,
8448e9c1-a791-4d6f-9a04-da2a7d7cb3fe,超级秒表（trial）,1,,,
e0efd5dd-7639-4f66-8753-b265fc4a8456,吹气球（试验）,1,,,
8cf5d67b-d853-4acb-a253-a8ff9aa2d486,登陆月球（初级）,1,,,
542754a4-d429-448a-b946-47149509d474,连点成画（trial）,1,,,
bf3e0ca1-0998-4eb7-91ec-500c8199fdb5,明白他的心,1,,,
e563c580-004f-454b-85e1-80a0774df7e2,谁在唱歌,1,Speech Discrimination,SpeechDisc,
4839b5ca-49f2-496e-aafb-87fd0b2d1c39,时空相机A（初级）,1,,,
8c3c32ce-3c45-42bf-b440-4f023ec66990,时空相机A（高级）,1,,,
90bc841c-b016-4be0-9b5b-8bc2448cccdc,时空相机A（中级）,1,,,
99a67129-c154-424b-b356-c4c820f77a43,时空相机A（终级）,1,,,
e76e2071-8a55-43b8-b220-69c19bcb24ce,时空相机B（高级）,1,,,
e7b8df7c-0d32-4e62-80c0-c23b24e48446,时空相机B（终级）,1,,,
95d9f0ae-4b56-463b-ad45-74e0874e2b20,速算师（初级）（数学）,1,,,
148077f2-17e2-471d-99fc-4fbb77027aef,太空飞船（trial）,1,,,
539f4c20-7800-4444-8871-1ef833628a6d,位置记忆（trial）,1,,,
6ca66b83-d5ef-47ad-8977-6c114598ae2e,萤火虫（trial）,1,,,
1f48da75-ba8d-4aea-be15-25b70540e286,宇宙黑洞（2）,1,,,
9d703e34-826b-44d2-8b84-e183dd7f73b0,宇宙黑洞A（初级）,1,,,
df46bb40-b2df-4336-b358-ee0244ae2bb9,宇宙黑洞A（高级）,1,,,
4669dd56-58ea-475c-bf29-e187aff858fe,宇宙黑洞A（中级）,1,,,
0a9a984b-34a3-43c0-b63e-76e7932c3081,宇宙黑洞A（终级）,1,,,
35880acf-891a-40ab-b3da-72dea7ae0896,宇宙黑洞B（高级）,1,,,
6634e7d8-e03f-4fa9-9355-43bb0c28d7af,宇宙黑洞B（终极）,1,,,
f6ec0ad6-6c19-4863-89ca-f365bb172ebe,找不同情绪,1,,,
10644c45-e590-4e80-9cd8-2b72e7a2b940,照相机（2）,1,,,
9a7e8886-d69c-4ab2-8899-4fa7150942f0,阻挡陨石（trial）,1,,,
efafcd61-c827-4ddf-9758-071e5c77a11a,宝宝回家,2,,,
d2916863-5db2-4266-9bff-70d4204a49d2,保卫地球,2,,,
427617f7-bd63-4250-8c12-bf0b5092eaea,保卫花园,2,,,
e4b1d47a-5794-4628-9f6c-2f33414774fd,变脸转不停,2,,,
40156808-d073-48b9-803b-3e269bccd6ca,捕鱼高手,2,,,
7f3db3d0-3694-4410-992e-4fd144c755f3,超级交警,2,,,
4d238ff1-4c4b-45e6-9010-dcb4235cfd30,车位管家,2,,,
7762cb89-3ad5-4319-bf3b-b0735caa57fc,冲上云霄,2,,,
93533ece-472d-457e-81b0-2516b850ac00,袋鼠蹦跶,2,,,
5bc638e9-2624-476a-b23f-5098921fdb03,动物忍者,2,,,
4a9a6bfa-5863-40c7-9814-1aa9f4f5a540,方块谜云,2,,,
424c7f6c-bd4e-4f8c-825b-78938cdb2694,飞行编队,2,,,
1084dc18-34a7-4205-8559-73d38d3d663e,疯狂部落,2,,,
9de34034-d379-49e9-8d6b-395c45a0a580,海湾捕鱼,2,,,
03bba4cb-f77a-4d87-b9b2-898207454da6,荷塘月色,2,,,
d2403614-a0ba-4479-a243-d10ebd998941,欢乐河豚,2,,,
cf628753-084a-4e41-ac40-b31e00ef7015,极地冒险,2,,,
c9c7073e-d9f8-41d9-a6cf-9548e4895d87,极地冒险-词汇版,2,,,
80d29293-4906-45f4-9c4b-e809bd1e4633,卡车司机,2,,,
53b86bc8-c835-4668-8b51-e14655453690,连线点灯,2,,,
97dda091-2754-460c-a7a8-e8a1cdab2461,每日口算,2,,,
7b0f3d7f-65dc-4b7c-88e1-1c8638357a62,冥想,2,,,
aedf5881-10c0-4fa6-9c88-ddcd85339376,七巧板,2,,,
a72f137c-77fa-47c2-8800-43526099d331,声音波动,2,,,
00d0e8b5-d9c9-464b-87a3-2809e4766591,舒尔特方格,2,,,
7dafa571-4ebb-49b9-8290-d8aa91ffb531,水果达人,2,,,
c9901372-bd4b-4f6e-9ec7-f5a3bba4b5a2,顺序判断,2,,,
8eff8f0c-1ccd-49da-a58e-a1c6c401d0b8,松鼠储藏室,2,,,
3e75d9cf-f5e9-4631-9482-5165be9b89fe,速算大师,2,,,
5b87c5f2-8a31-40e4-b91a-fc39a824abdb,太空充能,2,,,
3d16a994-17a4-40a7-b41c-05b9c7f3d692,糖果达人,2,,,
f94194f9-3f70-4a5d-b2a0-637d6d820532,套圈高手,2,,,
acde8981-2f99-46b0-b544-a31093b60124,玩偶工厂,2,,,
7be56e34-0ab0-4915-b4bb-38d48353e1f1,未来工厂,2,,,
d042e22e-8e00-4f45-a317-38c0e94f0d1c,我是不倒翁,2,,,
c4f8c641-6b37-4ab0-ad61-8db2604be5d3,夏日池塘,2,,,
d7a7f4e0-055d-4cfa-8c30-6726dfce5cf4,夏日池塘-词汇版,2,,,
9836d030-8e63-4a24-8e99-807c5099d6ee,相册整理,2,,,
58db089b-f2ac-4a1a-a9ac-c4eb82ab0ac5,小飞行家,2,,,
6bb4efd1-71c4-40f5-b097-a361bff70388,眼疾手快,2,,,
f6272177-1fc3-4bcc-822a-77fee79dffea,一站到底,2,,,
8487b47d-59df-43b0-9d1f-1c6eae95d238,宇宙救援,2,,,
a9b19f96-dc79-45dc-93ae-be85fe2b86c3,拯救萌宝,2,,,
e5aa6979-91be-4dae-b51e-5f9719f6c3d1,二维心理旋转测试A,3,Mental Rotation A,MRA,countcorrect
777a91ab-fd7c-4039-8feb-d314cdfd7c70,二维心理旋转测试B,3,Mental Rotation B,MRB,countcorrect
19c64c85-e049-4f07-98a0-3ba7c6e2f7db,瑞文标准推理,3,Raven Standard,RavenS,countcorrect
98ff7e39-c007-496a-9657-b2be8425d303,瑞文标准推理偶数版,3,Raven Standard Even,RavenSE,countcorrect
b2c2007f-1eac-43cd-b189-b2e8b205505a,瑞文标准推理奇数版,3,Raven Standard Odd,RavenSO,countcorrect
993e97f8-25be-4b20-9fa8-a901c8a6b7e8,瑞文高级推理,3,Raven Advanced,RavenAdv,countcorrect
f4d40134-60ca-4bac-ae22-dba3be2b9171,三维心理旋转测试,3,Mental Rotation 3D,MR3D,countcorrect
84f02a51-b530-472f-b769-2ae6c7b287da,数字归纳推理,3,Digit Reasoning Induction,DRI,countcorrect
b958aca6-2898-46ec-863e-78254fe21ef8,数字演绎推理,3,Digit Reasoning Deduction,DRD,countcorrect
5d660837-b20b-49f3-8fb6-1efb6647c36f,图形归纳推理,3,Non-verbal Reasoning Induction,NVRI,countcorrect
aaf8f49c-da9b-4eb2-8eb3-7f8432e933a7,图形演绎推理,3,Non-verbal Reasoning Deduction,NVRD,countcorrect
fce71488-ac59-44c1-a7df-a77cf98901f3,图形折叠与展开,3,Folding,Folding,countcorrect
2a82342b-f1bf-489e-8dd4-403e708123d1,阅读判断,3,Reading,Reading,countcorrect
e4019970-571d-435b-a29f-d9d98226bcbc,（勿删）梅鹏题目壳使用,3,,,
9e14dbf6-8689-4e45-88e6-472f8f3f2663,Conners行为评定量表,3,,,
5b62cb67-dc37-4e3a-b948-ee2f202e3f35,MBTI职业性格测试,3,,,
f393282a-e2b1-4f40-a434-b7f7f345d13b,MINIKID,3,,,
3ebada56-d085-4ec4-807b-62857e1ecb11,贝克焦虑量表,3,,,
6c35e634-bfa0-4e7f-929b-838452ae9ebe,贝克抑郁量表,3,,,
41e61346-e67c-4aae-bd41-76b7c16008d9,成长型思维量表,3,,,
6ab9073b-829e-4f60-9b71-2882bad51bf4,大五人格测验BFAS版本,3,,,
b4934b88-3e79-4df9-a587-7fe4a353f1c0,儿童版情绪控制问卷,3,,,
6c5e0a83-cd50-49bd-b382-2313f04dc4ac,儿童青少年时间管理倾向量表,3,,,
ce65874f-e63f-41bd-9a79-3b95ce059435,儿童问卷-亲子关系,3,,,
59e5c3a0-5d57-4063-8e61-9e8c0a55d7c9,儿童问卷-情绪控制,3,,,
b99deff2-061d-4dae-ac28-48db1033887f,儿童问卷-师生关系,3,,,
f14db797-d7ac-47f5-aa5f-4aa8b5720607,儿童问卷-同伴关系,3,,,
1125a7cd-bb94-4e6d-8883-900866255cd2,儿童行为量表,3,,,
6945ae13-4a08-4492-8f31-41bd703ea87c,二维心理旋转测试2,3,,,
fe1c2015-ab53-4899-8357-c64dc6aad075,二维心理旋转测试2A,3,,,
8fa69a79-d25b-4079-9d9e-1db817f959b3,二维心理旋转测试2B,3,,,
b3574337-fd21-483e-9956-b765740633f8,愤怒量表,3,,,
944cd827-cbe1-4165-80a0-1801097ea892,父母温暖度,3,,,
b5e936fa-3f67-4ad2-96ad-2e1b2f1634a2,孤独感,3,,,
693d68ec-a16b-4e13-b634-7a9ab98d64fa,霍兰德职业测验,3,,,
6b9793d4-99c7-47cc-ae51-426e19173add,基本信息,3,,,
d01e177b-6227-40ba-96f9-02f217c29213,记忆策略量表,3,,,
a18dd7e5-334d-43e1-a893-eea973440748,记忆力自测量表,3,,,
32893daf-5355-44b1-931e-3ab400ebeeef,家长问卷-冲动行为,3,,,
acb3a557-f11c-4a58-97fd-070d1ad2c6e3,家长问卷-注意行为,3,,,
78b65b9d-0c33-4ebc-8551-23d3fbfb4533,青少年心理韧性量表,3,,,
c377e970-38b8-4d3c-a374-0826f5f89a56,情绪调节问卷,3,,,
6799a247-736c-466d-92df-fe7449b0da47,情绪觉察问卷(儿童版),3,,,
c3183d77-9b3e-45d2-acc7-5635bff64ce7,情绪跷跷板,3,,,
8db8a2f0-4089-4cc7-88de-f1510e65ccc9,人生价值问卷,3,,,
ad810784-6bef-4277-803d-644a4d5d57f6,三维心理旋转测试A,3,,,
1cee9ffa-6391-4bc1-8a87-2199036e1f6b,三维心理旋转测试B,3,,,
22381430-a93e-4389-a056-2be6e6e4e379,社会支持,3,,,
bdc7a051-727a-4bd0-a040-b4fc72e83596,生活满意度,3,,,
b019d6ec-9e38-497e-8259-8bf7128fe76c,数字归纳推理A,3,,,
3759e0fa-bccd-4539-81fd-73f5671af290,数字归纳推理B,3,,,
816b7e90-49d8-474c-9779-c2193fade13b,数字归纳推理C,3,,,
0c810c88-29ca-4d10-9d2f-9fcc6bed7c9c,数字归纳推理D,3,,,
5b0ae49c-6c85-4804-95e5-490c84fbc343,他/她会怎么想？,3,,,
26eb4f74-91aa-4965-b542-4cfb77a618be,图形归纳推理A,3,,,
4e538055-d5a1-4e91-bf6c-93c68cf4de28,图形归纳推理B,3,,,
ca646547-8ef2-4657-8b9b-35b586073683,图形演绎推理A,3,,,
831784bc-2aeb-4a1e-95ed-2df1224836bb,图形演绎推理B,3,,,
a0cab4df-f1de-44e2-afbc-2a205d5ca7e4,图形折叠与展开A,3,,,
49feab5f-c3e8-4bf3-b58f-63730c616b50,图形折叠与展开B,3,,,
11d071cc-7289-429a-a6c5-a552753c52a0,文字推理-初级,3,,,
2b9cd51a-64d6-49b3-8e9c-2db69d21771b,文字推理-高级,3,,,
7f722c9e-1932-4b6f-b81e-6cd351e858e5,希望量表,3,,,
17c7ee16-eabc-4bf7-8724-5de2260f4460,小学生学习习惯问卷,3,,,
fa5b9880-9393-453a-9538-41decd119296,心境焦虑症状,3,,,
1b58a7b3-6b2d-4117-a2c4-85f8c8d78e3a,心理健康问卷,3,,,
10d4c8f4-4a1c-45aa-861a-74e430bdf9ba,心理健康自评量表,3,,,
485a442f-76d8-439c-bf2f-34415366593d,压力事件,3,,,
82c50d3a-5a13-451f-ad3a-9b8082731ac9,阅读理解,3,,,
f3d638a3-0c97-4103-8f8d-e537c7a73f0d,长处和困难问卷,3,,,
f620d6bb-a2a2-48ec-bbac-c93574672af5,找相同,3,,,
30117ce4-109f-4909-9bbc-b799b4109709,正负情绪测查,3,,,
87efaa42-cec1-44b1-8547-f9d7bcfda102,执行功能行为评定量表,3,,,
7142fdb3-5faa-4225-ac62-39e289b56087,职业价值观量表,3,,,
92781d29-0251-44d7-8f37-d5c3f117e93f,中学生心理健康量表,3,,,
fe9537fd-1486-469c-b72c-acbcfe05412c,中学生学业自我效能感量表,3,,,
d8eb6518-1562-45d0-b33c-7dd2fb844975,主观幸福感,3,,,
90ffedbe-8ec0-4738-9179-cf0afc1e5711,注意力评定量表,3,,,
